<?xml version="1.0" encoding="UTF-8"?>
<item><pubDate>Mon, 20 May 2019 07:46:46 +0200</pubDate><title><![CDATA[Archiwum 2016/2017]]></title><url><![CDATA[archiwum-201617]]></url><meta><![CDATA[]]></meta><metad><![CDATA[]]></metad><menu><![CDATA[Archiwum 2016/2017]]></menu><menuOrder><![CDATA[0]]></menuOrder><menuStatus><![CDATA[Y]]></menuStatus><template><![CDATA[template.php]]></template><parent><![CDATA[]]></parent><content><![CDATA[&lt;p&gt;Archiwum z roku 201617.&lt;/p&gt;
]]></content><private><![CDATA[]]></private><author><![CDATA[admin]]></author></item>
