<?xml version="1.0" encoding="UTF-8"?>
<channel><item><slug><![CDATA[dni-otwarte-w-naszej-szkole]]></slug><title><![CDATA[Dni otwarte w naszej szkole.]]></title><date><![CDATA[Mon, 10 Jun 2019 07:38:00 +0200]]></date><tags><![CDATA[]]></tags><private><![CDATA[]]></private><image><![CDATA[]]></image></item><item><slug><![CDATA[pasowanie-n-aucznia]]></slug><title><![CDATA[Pasowanie na aucznia]]></title><date><![CDATA[Mon, 03 Jun 2019 07:51:00 +0200]]></date><tags><![CDATA[wydarzenie]]></tags><private><![CDATA[]]></private><image><![CDATA[]]></image></item><item><slug><![CDATA[rozpoczecie-roku-szkolnego-1]]></slug><title><![CDATA[Rozpoczęcie roku szkolnego]]></title><date><![CDATA[Mon, 03 Jun 2019 07:50:00 +0200]]></date><tags><![CDATA[wydarzenie]]></tags><private><![CDATA[]]></private><image><![CDATA[http://localhost/~kl2ag2/gs2/data/uploads/news.png]]></image></item></channel>
