<?xml version="1.0" encoding="UTF-8"?>
<item><pubDate>Mon, 29 Apr 2019 08:26:16 +0200</pubDate><title><![CDATA[Aktualności]]></title><url><![CDATA[aktualnosci]]></url><meta><![CDATA[]]></meta><metad><![CDATA[]]></metad><menu><![CDATA[Aktualności]]></menu><menuStatus><![CDATA[Y]]></menuStatus><template><![CDATA[template.php]]></template><parent><![CDATA[]]></parent><content><![CDATA[&lt;p&gt;Zapoznaj się z aktualnymi informacjami w naszej klasie!&lt;/p&gt;
]]></content><private><![CDATA[]]></private><author><![CDATA[admin]]></author><menuOrder><![CDATA[2]]></menuOrder></item>
