<?xml version="1.0" encoding="UTF-8"?>
<channel><item><plugin><![CDATA[news_manager.php]]></plugin><enabled><![CDATA[true]]></enabled></item><item><plugin><![CDATA[i18n_base.php]]></plugin><enabled><![CDATA[true]]></enabled></item><item><plugin><![CDATA[i18n_gallery.php]]></plugin><enabled><![CDATA[true]]></enabled></item><item><plugin><![CDATA[user-managment.php]]></plugin><enabled><![CDATA[true]]></enabled></item><item><plugin><![CDATA[InnovationPlugin.php]]></plugin><enabled><![CDATA[true]]></enabled></item><item><plugin><![CDATA[i18n_navigation.php]]></plugin><enabled><![CDATA[true]]></enabled></item><item><plugin><![CDATA[anonymous_data.php]]></plugin><enabled><![CDATA[true]]></enabled></item></channel>
