<?xml version="1.0" encoding="UTF-8"?>
<item><pubDate>Mon, 10 Jun 2019 08:16:39 +0200</pubDate><title><![CDATA[Galerie]]></title><url><![CDATA[galeria]]></url><meta><![CDATA[]]></meta><metad><![CDATA[]]></metad><menu><![CDATA[Galeria]]></menu><menuStatus><![CDATA[Y]]></menuStatus><template><![CDATA[template.php]]></template><parent><![CDATA[]]></parent><content><![CDATA[&lt;p&gt;(% gallery name=zdjcia-z-wakacji %)&lt;/p&gt;
]]></content><private><![CDATA[]]></private><author><![CDATA[admin]]></author><menuOrder><![CDATA[2]]></menuOrder></item>
