<?xml version="1.0" encoding="UTF-8"?>
<item><title><![CDATA[Pasowanie n aucznia]]></title><date><![CDATA[Mon, 03 Jun 2019 07:51:00 +0200]]></date><tags><![CDATA[wydarzenie]]></tags><private><![CDATA[]]></private><metad><![CDATA[]]></metad><image><![CDATA[]]></image><content><![CDATA[&lt;p&gt;Lorem Ipsum jest tekstem stosowanym jako przykładowy wypełniacz w przemyśle poligraficznym. Został po raz pierwszy użyty w XV w. przez nieznanego drukarza do wypełnienia tekstem próbnej książki. Pięć wieków później zaczął być używany przemyśle elektronicznym, pozostając praktycznie niezmienionym. Spopularyzował się w latach 60. XX w. wraz z publikacją arkuszy Letrasetu, zawierających fragmenty Lorem Ipsum, a ostatnio z zawierającym różne wersje Lorem Ipsum oprogramowaniem przeznaczonym do realizacji druków na komputerach osobistych, jak Aldus PageMaker&lt;/p&gt;
]]></content></item>
